Workbook

Sheet Leaderboard
A1: ФИО | B1: Общая сумма | C1: Тесты | D1: Сообщения | E1: Лабы | G1: Допуск | H1: =MAX($B$2:$B$50)*0.4 -> 0
B2: =SUM(C2:E2) -> 0 | C2: =Тесты!B2 -> 0 | D2: =Сообщения!C2 -> 0 | E2: =Лабы!D2 -> 0 | G2: Полуавтомат | H2: =MAX($B$2:$B$50)*0.8 -> 0
B3: =SUM(C3:E3) -> 0 | C3: =Тесты!B3 -> 0 | D3: =Сообщения!C3 -> 0 | E3: =Лабы!D3 -> 0 | G3: Автомат | H3: =MAX($B$2:$B$50)*0.9 -> 0
B4: =SUM(C4:E4) -> 0 | C4: =Тесты!B4 -> 0 | D4: =Сообщения!C4 -> 0 | E4: =Лабы!D4 -> 0
B5: =SUM(C5:E5) -> 0 | C5: =Тесты!B5 -> 0 | D5: =Сообщения!C5 -> 0 | E5: =Лабы!D5 -> 0
B6: =SUM(C6:E6) -> 0 | C6: =Тесты!B6 -> 0 | D6: =Сообщения!C6 -> 0 | E6: =Лабы!D6 -> 0
B7: =SUM(C7:E7) -> 0 | C7: =Тесты!B7 -> 0 | D7: =Сообщения!C7 -> 0 | E7: =Лабы!D7 -> 0
B8: =SUM(C8:E8) -> 0 | C8: =Тесты!B8 -> 0 | D8: =Сообщения!C8 -> 0 | E8: =Лабы!D8 -> 0
B9: =SUM(C9:E9) -> 0 | C9: =Тесты!B9 -> 0 | D9: =Сообщения!C9 -> 0 | E9: =Лабы!D9 -> 0
B10: =SUM(C10:E10) -> 0 | C10: =Тесты!B10 -> 0 | D10: =Сообщения!C10 -> 0 | E10: =Лабы!D10 -> 0
B11: =SUM(C11:E11) -> 0 | C11: =Тесты!B11 -> 0 | D11: =Сообщения!C11 -> 0 | E11: =Лабы!D11 -> 0
B12: =SUM(C12:E12) -> 0 | C12: =Тесты!B12 -> 0 | D12: =Сообщения!C12 -> 0 | E12: =Лабы!D12 -> 0
B13: =SUM(C13:E13) -> 0 | C13: =Тесты!B13 -> 0 | D13: =Сообщения!C13 -> 0 | E13: =Лабы!D13 -> 0
B14: =SUM(C14:E14) -> 0 | C14: =Тесты!B14 -> 0 | D14: =Сообщения!C14 -> 0 | E14: =Лабы!D14 -> 0
B15: =SUM(C15:E15) -> 0 | C15: =Тесты!B15 -> 0 | D15: =Сообщения!C15 -> 0 | E15: =Лабы!D15 -> 0
... B32: =SUM(C32:E32) -> 0 | C32: =Тесты!B32 -> 0 | D32: =Сообщения!C32 -> 0 | E32: =Лабы!D32 -> 0

Sheet Тесты
A1: ФИО | B1: Сумма | C1: 1 | D1: 2 | E1: 3 | F1: 4 | G1: 5 | H1: 6
B2: =SUMPRODUCT((C2:Z2<>"")*(COUNTA($A$2:$A$50) - C2:Z2 + 1)) -> 0
B3: =SUMPRODUCT((C3:Z3<>"")*(COUNTA($A$2:$A$50) - C3:Z3 + 1)) -> 0
B4: =SUMPRODUCT((C4:Z4<>"")*(COUNTA($A$2:$A$50) - C4:Z4 + 1)) -> 0
B5: =SUMPRODUCT((C5:Z5<>"")*(COUNTA($A$2:$A$50) - C5:Z5 + 1)) -> 0
B6: =SUMPRODUCT((C6:Z6<>"")*(COUNTA($A$2:$A$50) - C6:Z6 + 1)) -> 0
B7: =SUMPRODUCT((C7:Z7<>"")*(COUNTA($A$2:$A$50) - C7:Z7 + 1)) -> 0
B8: =SUMPRODUCT((C8:Z8<>"")*(COUNTA($A$2:$A$50) - C8:Z8 + 1)) -> 0
B9: =SUMPRODUCT((C9:Z9<>"")*(COUNTA($A$2:$A$50) - C9:Z9 + 1)) -> 0
B10: =SUMPRODUCT((C10:Z10<>"")*(COUNTA($A$2:$A$50) - C10:Z10 + 1)) -> 0
B11: =SUMPRODUCT((C11:Z11<>"")*(COUNTA($A$2:$A$50) - C11:Z11 + 1)) -> 0
B12: =SUMPRODUCT((C12:Z12<>"")*(COUNTA($A$2:$A$50) - C12:Z12 + 1)) -> 0
B13: =SUMPRODUCT((C13:Z13<>"")*(COUNTA($A$2:$A$50) - C13:Z13 + 1)) -> 0
... B32: =SUMPRODUCT((C32:Z32<>"")*(COUNTA($A$2:$A$50) - C32:Z32 + 1)) -> 0

Sheet Сообщения
A1: ФИО | B1: Сумма | C1: 1 | D1: 2 | E1: 3 | F1: 4 | G1: 5 | H1: 6
B2: =(SUM(C2:E2)*COUNTA($A$2:$A$50))*0.6 -> 0
B3: =(SUM(C3:E3)*COUNTA($A$2:$A$50))*0.6 -> 0
B4: =(SUM(C4:E4)*COUNTA($A$2:$A$50))*0.6 -> 0
B5: =(SUM(C5:E5)*COUNTA($A$2:$A$50))*0.6 -> 0
B6: =(SUM(C6:E6)*COUNTA($A$2:$A$50))*0.6 -> 0
B7: =(SUM(C7:E7)*COUNTA($A$2:$A$50))*0.6 -> 0
B8: =(SUM(C8:E8)*COUNTA($A$2:$A$50))*0.6 -> 0
B9: =(SUM(C9:E9)*COUNTA($A$2:$A$50))*0.6 -> 0
B10: =(SUM(C10:E10)*COUNTA($A$2:$A$50))*0.6 -> 0
B11: =(SUM(C11:E11)*COUNTA($A$2:$A$50))*0.6 -> 0
B12: =(SUM(C12:E12)*COUNTA($A$2:$A$50))*0.6 -> 0
B13: =(SUM(C13:E13)*COUNTA($A$2:$A$50))*0.6 -> 0
... B32: =(SUM(C32:E32)*COUNTA($A$2:$A$50))*0.6 -> 0

Sheet Лабы
A1: ФИО | B1: Сумма | C1: 1 | D1: 2 | E1: 3 | F1: 4 | G1: 5 | H1: 6
B2: =(SUM(C2:E2)*COUNTA($A$2:$A$50))*0.3 -> 0
B3: =(SUM(C3:E3)*COUNTA($A$2:$A$50))*0.3 -> 0
B4: =(SUM(C4:E4)*COUNTA($A$2:$A$50))*0.3 -> 0
B5: =(SUM(C5:E5)*COUNTA($A$2:$A$50))*0.3 -> 0
B6: =(SUM(C6:E6)*COUNTA($A$2:$A$50))*0.3 -> 0
B7: =(SUM(C7:E7)*COUNTA($A$2:$A$50))*0.3 -> 0
B8: =(SUM(C8:E8)*COUNTA($A$2:$A$50))*0.3 -> 0
B9: =(SUM(C9:E9)*COUNTA($A$2:$A$50))*0.3 -> 0
B10: =(SUM(C10:E10)*COUNTA($A$2:$A$50))*0.3 -> 0
B11: =(SUM(C11:E11)*COUNTA($A$2:$A$50))*0.3 -> 0
B12: =(SUM(C12:E12)*COUNTA($A$2:$A$50))*0.3 -> 0
B13: =(SUM(C13:E13)*COUNTA($A$2:$A$50))*0.3 -> 0
... B32: =(SUM(C32:E32)*COUNTA($A$2:$A$50))*0.3 -> 0
